{"cameraMode":{"drawMode":0,"name":"Shaded","section":"Shading Mode"},"sceneLighting":false,"audioPlay":false,"sceneViewState":{"m_AlwaysRefresh":false,"showFog":true,"showSkybox":false,"showFlares":true,"showImageEffects":false,"showParticleSystems":true,"showVisualEffectGraphs":true,"m_FxEnabled":true},"in2DMode":false,"pivot":{"x":225.00747680664063,"y":359.1681823730469,"z":6.9951324462890629},"rotation":{"x":0.18234990537166596,"y":-0.140925332903862,"z":0.026438364759087564,"w":0.9727458357810974},"size":128.95614624023438,"orthographic":false}